suite,imp,starttime,returnvalue,walltime,cputime,memory,terminationreason
knucleotide,gcc,2026-10-02T14:02:10.529828+10:00,0,0.47516555699985474,0.472306,170631168,
knucleotide,gcc,2026-10-02T14:02:11.277678+10:00,0,0.47123051597736776,0.469123,170565632,
knucleotide,gcc,2026-10-02T14:02:12.014308+10:00,0,0.4963308919686824,0.494365,170573824,
knucleotide,gcc,2026-10-02T14:02:12.789532+10:00,0,0.4761309400200844,0.473911,170573824,
knucleotide,gcc,2026-10-02T14:02:13.531139+10:00,0,0.47190552100073546,0.470281,170708992,
knucleotide,gcc,2026-10-02T14:02:14.273497+10:00,0,0.47160407702904195,0.469441,170565632,
knucleotide,gcc,2026-10-02T14:02:14.996221+10:00,0,0.47263365099206567,0.470889,170569728,
knucleotide,gcc,2026-10-02T14:02:15.725137+10:00,0,0.4708529169438407,0.46893,170606592,
knucleotide,gcc,2026-10-02T14:02:16.465463+10:00,0,0.4699139849981293,0.467901,170708992,
knucleotide,gcc,2026-10-02T14:02:17.207797+10:00,0,0.4738006560364738,0.471029,170672128,
knucleotide,gcc,2026-10-02T14:02:17.937201+10:00,0,0.4734498909674585,0.471857,170635264,
knucleotide,gcc,2026-10-02T14:02:18.671601+10:00,0,0.47805411904118955,0.476168,170672128,
knucleotide,gcc,2026-10-02T14:02:19.426368+10:00,0,0.4810509809758514,0.479579,170635264,
knucleotide,gcc,2026-10-02T14:02:20.185490+10:00,0,0.4737055239966139,0.471996,170569728,
knucleotide,gcc,2026-10-02T14:02:20.921125+10:00,0,0.48139548499602824,0.479532,170635264,
knucleotide,growler,2026-10-02T14:02:21.672241+10:00,0,1.5984783230815083,1.588362,345554944,
knucleotide,growler,2026-10-02T14:02:23.538353+10:00,0,1.701627128990367,1.69902,345554944,
knucleotide,growler,2026-10-02T14:02:25.506098+10:00,0,1.5661324539687485,1.563051,345583616,
knucleotide,growler,2026-10-02T14:02:27.332708+10:00,0,1.5671943849883974,1.563204,345554944,
knucleotide,growler,2026-10-02T14:02:29.174481+10:00,0,1.59001977997832,1.586823,345362432,
knucleotide,growler,2026-10-02T14:02:31.020353+10:00,0,1.5561002660542727,1.553179,345559040,
knucleotide,growler,2026-10-02T14:02:32.844061+10:00,0,1.5569498650729656,1.554417,345554944,
knucleotide,growler,2026-10-02T14:02:34.656140+10:00,0,1.5513721030438319,1.548807,345554944,
knucleotide,growler,2026-10-02T14:02:36.459036+10:00,0,1.5525689130881801,1.549959,345513984,
knucleotide,growler,2026-10-02T14:02:38.270170+10:00,0,1.6171895040897653,1.614925,345763840,
knucleotide,growler,2026-10-02T14:02:40.148161+10:00,0,1.5571064070099965,1.554763,345554944,
knucleotide,growler,2026-10-02T14:02:41.968523+10:00,0,1.5752075950149447,1.572097,345554944,
knucleotide,growler,2026-10-02T14:02:43.807506+10:00,0,1.5581943120341748,1.554948,345362432,
knucleotide,growler,2026-10-02T14:02:45.625381+10:00,0,1.5737009620061144,1.570076,345575424,
knucleotide,growler,2026-10-02T14:02:47.473270+10:00,0,1.5692573509877548,1.565127,345513984,
knucleotide,python3,2026-10-02T14:02:49.310267+10:00,0,30.305900954990648,30.257191,688758784,
knucleotide,python3,2026-10-02T14:03:20.011533+10:00,0,29.265508911921643,29.239549,688885760,
knucleotide,python3,2026-10-02T14:03:49.666474+10:00,0,29.487967455061153,29.459394,688680960,
knucleotide,python3,2026-10-02T14:04:19.553579+10:00,0,28.916304712067358,28.873968,688783360,
knucleotide,python3,2026-10-02T14:04:48.876206+10:00,0,28.62492307391949,28.597094,688640000,
knucleotide,python3,2026-10-02T14:05:17.906941+10:00,0,31.710790907032788,31.668435,688635904,
knucleotide,goal,2026-10-02T14:05:49.995220+10:00,0,0.8103946880437434,1.338439,1071345664,
knucleotide,goal,2026-10-02T14:05:51.066097+10:00,0,0.8487752840155736,1.40976,1071075328,
knucleotide,goal,2026-10-02T14:05:52.190060+10:00,0,0.9464908970985562,1.572712,1071423488,
knucleotide,goal,2026-10-02T14:05:53.415127+10:00,0,0.9252293369499967,1.529488,1071316992,
knucleotide,goal,2026-10-02T14:05:54.620139+10:00,0,0.9010316639905795,1.498419,1071398912,
knucleotide,goal,2026-10-02T14:05:55.790187+10:00,0,0.9333976149791852,1.555281,1071370240,
knucleotide,goal,2026-10-02T14:05:56.988045+10:00,0,0.9104476510547101,1.514711,1071448064,
knucleotide,goal,2026-10-02T14:05:58.161142+10:00,0,0.8999753620009869,1.49208,1071575040,
knucleotide,goal,2026-10-02T14:05:59.324986+10:00,0,0.8922145529650152,1.482844,1071214592,
knucleotide,goal,2026-10-02T14:06:00.484142+10:00,0,0.8965144229587168,1.483706,1071403008,
knucleotide,goal,2026-10-02T14:06:01.644052+10:00,0,0.908469483954832,1.506974,1071124480,
knucleotide,goal,2026-10-02T14:06:02.823261+10:00,0,0.8821386939380318,1.453034,1071357952,
knucleotide,goal,2026-10-02T14:06:03.988053+10:00,0,0.8964269729331136,1.486454,1071357952,
knucleotide,goal,2026-10-02T14:06:05.164094+10:00,0,0.886243308079429,1.471952,1071464448,
knucleotide,goal,2026-10-02T14:06:06.330089+10:00,0,0.8974206519778818,1.483854,1071427584,
knucleotide,bqn,2026-10-02T14:06:07.502141+10:00,0,0.3281304460251704,0.325222,540938240,
knucleotide,bqn,2026-10-02T14:06:08.088223+10:00,0,0.32333353301510215,0.320365,540835840,
knucleotide,bqn,2026-10-02T14:06:08.672130+10:00,0,0.31908051297068596,0.315807,540839936,
knucleotide,bqn,2026-10-02T14:06:09.244003+10:00,0,0.3192410479532555,0.316102,540889088,
knucleotide,bqn,2026-10-02T14:06:09.823116+10:00,0,0.317679020925425,0.314669,540839936,
knucleotide,bqn,2026-10-02T14:06:10.407144+10:00,0,0.32515240204520524,0.321509,540913664,
knucleotide,bqn,2026-10-02T14:06:10.994149+10:00,0,0.31832253304310143,0.315436,540835840,
knucleotide,bqn,2026-10-02T14:06:11.579120+10:00,0,0.32132325100246817,0.317407,540946432,
knucleotide,bqn,2026-10-02T14:06:12.159264+10:00,0,0.3216509680496529,0.31879,540938240,
knucleotide,bqn,2026-10-02T14:06:12.758205+10:00,0,0.3204104189062491,0.317047,540946432,
knucleotide,bqn,2026-10-02T14:06:13.341210+10:00,0,0.32605797110591084,0.323016,540835840,
knucleotide,bqn,2026-10-02T14:06:13.927077+10:00,0,0.31983034196309745,0.316513,540835840,
knucleotide,bqn,2026-10-02T14:06:14.506278+10:00,0,0.3307811770355329,0.327106,540721152,
knucleotide,bqn,2026-10-02T14:06:15.103132+10:00,0,0.3274400100344792,0.324555,540770304,
knucleotide,bqn,2026-10-02T14:06:15.699078+10:00,0,0.32760548195801675,0.324172,540835840,
knucleotide,l,2026-10-02T14:06:16.295139+10:00,9,1.3020154349505901,1.881602,1999998976,memory
knucleotide,amber,2026-10-02T14:06:17.894149+10:00,0,0.585080226068385,0.394977,333295616,
knucleotide,amber,2026-10-02T14:06:18.742132+10:00,0,0.3035414170008153,0.301382,27308032,
knucleotide,amber,2026-10-02T14:06:19.322129+10:00,0,0.3018573329318315,0.298689,27320320,
knucleotide,amber,2026-10-02T14:06:19.877180+10:00,0,0.30452128406614065,0.302301,27308032,
knucleotide,amber,2026-10-02T14:06:20.449120+10:00,0,0.29986071796156466,0.297865,27308032,
knucleotide,amber,2026-10-02T14:06:21.016129+10:00,0,0.3132259079720825,0.311034,27324416,
knucleotide,amber,2026-10-02T14:06:21.595173+10:00,0,0.30880989297293127,0.306207,27308032,
knucleotide,amber,2026-10-02T14:06:22.158059+10:00,0,0.3047707729274407,0.302643,27316224,
knucleotide,amber,2026-10-02T14:06:22.725096+10:00,0,0.30407541699241847,0.302056,27308032,
knucleotide,amber,2026-10-02T14:06:23.283036+10:00,0,0.3025860449997708,0.300447,27484160,
knucleotide,amber,2026-10-02T14:06:23.844206+10:00,0,0.30742655298672616,0.305598,27467776,
knucleotide,amber,2026-10-02T14:06:24.409096+10:00,0,0.30323160404805094,0.30123,27574272,
knucleotide,amber,2026-10-02T14:06:24.973220+10:00,0,0.30306559801101685,0.301143,27312128,
knucleotide,amber,2026-10-02T14:06:25.544204+10:00,0,0.30040606402326375,0.298388,27385856,
knucleotide,amber,2026-10-02T14:06:26.108192+10:00,0,0.30504174600355327,0.302811,27308032,
knucleotide,peachq,2026-10-02T14:06:26.681274+10:00,1,11.44348114496097,11.417793,1080991744,
nbody,gcc,2026-10-02T14:06:38.496146+10:00,0,0.3379621560452506,0.328866,2379776,
nbody,gcc,2026-10-02T14:06:39.095089+10:00,0,0.3337074840674177,0.332393,2502656,
nbody,gcc,2026-10-02T14:06:39.692130+10:00,0,0.33339906204491854,0.33181,2494464,
nbody,gcc,2026-10-02T14:06:40.283063+10:00,0,0.33579631708562374,0.334323,2502656,
nbody,gcc,2026-10-02T14:06:40.872154+10:00,0,0.34067955997306854,0.339133,2375680,
nbody,gcc,2026-10-02T14:06:41.482174+10:00,0,0.33585270505864173,0.334742,2416640,
nbody,gcc,2026-10-02T14:06:42.080187+10:00,0,0.33062843896914274,0.329354,2375680,
nbody,gcc,2026-10-02T14:06:42.667111+10:00,0,0.33768268406856805,0.336573,2412544,
nbody,gcc,2026-10-02T14:06:43.269090+10:00,0,0.33560582797508687,0.334326,2494464,
nbody,gcc,2026-10-02T14:06:43.878126+10:00,0,0.3313007780816406,0.329894,2375680,
nbody,gcc,2026-10-02T14:06:44.470079+10:00,0,0.33194968302268535,0.330771,2412544,
nbody,gcc,2026-10-02T14:06:45.076141+10:00,0,0.33128425606992096,0.329911,2379776,
nbody,gcc,2026-10-02T14:06:45.672132+10:00,0,0.336988965049386,0.33529,2494464,
nbody,gcc,2026-10-02T14:06:46.273235+10:00,0,0.3408177939709276,0.338307,2498560,
nbody,gcc,2026-10-02T14:06:46.873198+10:00,0,0.347154560033232,0.34569,2498560,
nbody,growler,2026-10-02T14:06:47.488137+10:00,0,7.020127497031353,7.004,4050944,
nbody,growler,2026-10-02T14:06:54.878056+10:00,0,6.949844243936241,6.946301,4046848,
nbody,growler,2026-10-02T14:07:02.083089+10:00,0,7.582272370927967,7.575635,4042752,
nbody,growler,2026-10-02T14:07:10.041269+10:00,0,6.974936257000081,6.972638,4243456,
nbody,growler,2026-10-02T14:07:17.391114+10:00,0,6.945943343103863,6.941257,4050944,
nbody,growler,2026-10-02T14:07:24.704157+10:00,0,6.902405244996771,6.900197,4046848,
nbody,growler,2026-10-02T14:07:31.874146+10:00,0,7.144381772959605,7.13327,4050944,
nbody,growler,2026-10-02T14:07:39.391218+10:00,0,7.089426407008432,7.086939,4042752,
nbody,growler,2026-10-02T14:07:46.859173+10:00,0,7.155120518989861,7.149623,4050944,
nbody,growler,2026-10-02T14:07:54.392260+10:00,0,7.063681824947707,7.06018,4075520,
nbody,growler,2026-10-02T14:08:01.714059+10:00,0,6.990410846890882,6.988036,4243456,
nbody,growler,2026-10-02T14:08:09.074095+10:00,0,7.079200936947018,7.074654,4050944,
nbody,growler,2026-10-02T14:08:16.518994+10:00,0,7.059891514014453,7.057762,4243456,
nbody,growler,2026-10-02T14:08:23.951125+10:00,0,6.91324490099214,6.911067,4050944,
nbody,growler,2026-10-02T14:08:31.140216+10:00,0,6.970956948935054,6.96695,4247552,
nbody,python3,2026-10-02T14:08:38.479162+10:00,0,29.890901635051705,29.830842,14094336,
nbody,python3,2026-10-02T14:09:08.648861+10:00,0,29.226331815007143,29.157488,13922304,
nbody,python3,2026-10-02T14:09:38.248193+10:00,0,30.049286677967757,30.023826,13852672,
nbody,python3,2026-10-02T14:10:08.696153+10:00,0,29.784708716906607,29.740975,13914112,
nbody,python3,2026-10-02T14:10:38.851184+10:00,0,29.35229039704427,29.327749,13914112,
nbody,python3,2026-10-02T14:11:08.458009+10:00,0,30.054177511949092,30.002055,13914112,
nbody,goal,2026-10-02T14:11:38.786253+10:00,0,20.485954268020578,23.117973,19087360,
nbody,goal,2026-10-02T14:11:59.544057+10:00,0,19.98255508102011,22.604301,19968000,
nbody,goal,2026-10-02T14:12:19.806210+10:00,0,19.88517201691866,22.465168,16818176,
nbody,goal,2026-10-02T14:12:39.958172+10:00,0,20.082590176025406,22.733404,27045888,
nbody,goal,2026-10-02T14:13:00.337375+10:00,0,21.80078068689909,24.652915,21897216,
nbody,goal,2026-10-02T14:13:22.435229+10:00,0,21.919855865067802,24.837798,21467136,
nbody,goal,2026-10-02T14:13:44.754295+10:00,0,22.282957041054033,25.259318,18890752,
nbody,goal,2026-10-02T14:14:07.468413+10:00,0,22.114880237961188,25.070807,17408000,
nbody,goal,2026-10-02T14:14:29.970229+10:00,0,21.51587314903736,24.346204,27987968,
nbody,bqn,2026-10-02T14:14:51.750000+10:00,0,7.512437311001122,7.498438,9355264,
nbody,bqn,2026-10-02T14:14:59.530135+10:00,0,7.433482451015152,7.429954,9359360,
nbody,bqn,2026-10-02T14:15:07.236174+10:00,0,7.494602649006993,7.491379,9363456,
nbody,bqn,2026-10-02T14:15:14.983101+10:00,0,7.575309372972697,7.572019,9351168,
nbody,bqn,2026-10-02T14:15:22.930003+10:00,0,7.597526220954023,7.591688,9318400,
nbody,bqn,2026-10-02T14:15:30.916114+10:00,0,7.420541204977781,7.416286,9359360,
nbody,bqn,2026-10-02T14:15:38.735462+10:00,0,7.543338782037608,7.536138,9359360,
nbody,bqn,2026-10-02T14:15:46.537104+10:00,0,7.401433599065058,7.397694,9355264,
nbody,bqn,2026-10-02T14:15:54.191020+10:00,0,7.479746273020282,7.475433,9359360,
nbody,bqn,2026-10-02T14:16:01.925284+10:00,0,7.770576438051648,7.751094,9355264,
nbody,bqn,2026-10-02T14:16:10.095324+10:00,0,7.404389821924269,7.398181,9351168,
nbody,bqn,2026-10-02T14:16:17.763012+10:00,0,7.476722922059707,7.472379,9207808,
nbody,bqn,2026-10-02T14:16:25.507134+10:00,0,7.477825158974156,7.473515,9355264,
nbody,bqn,2026-10-02T14:16:33.370210+10:00,0,7.859514970914461,7.846166,9351168,
nbody,bqn,2026-10-02T14:16:41.604119+10:00,0,7.477462431997992,7.473859,9359360,
nbody,l,2026-10-02T14:16:49.452220+10:00,0,16.323117284919135,16.316483,12337152,
nbody,l,2026-10-02T14:17:06.156069+10:00,0,16.720092156901956,16.71101,11825152,
nbody,l,2026-10-02T14:17:23.254228+10:00,0,16.281964974012226,16.26964,11960320,
nbody,l,2026-10-02T14:17:39.919229+10:00,0,17.472365036956035,17.472064,12087296,
nbody,l,2026-10-02T14:17:57.763238+10:00,0,16.73169402591884,16.723768,12111872,
nbody,l,2026-10-02T14:18:14.874084+10:00,0,17.460821203072555,17.460177,12111872,
nbody,l,2026-10-02T14:18:32.699164+10:00,0,16.10653386998456,16.108465,12111872,
nbody,l,2026-10-02T14:18:49.166034+10:00,0,17.248586631962098,17.245175,11849728,
nbody,l,2026-10-02T14:19:06.799124+10:00,0,17.458300520083867,17.449457,12095488,
nbody,l,2026-10-02T14:19:24.626028+10:00,0,16.66514197504148,16.665554,12111872,
nbody,l,2026-10-02T14:19:41.656058+10:00,0,18.64226226496976,18.610521,11825152,
nbody,amber,2026-10-02T14:20:00.675065+10:00,0,5.6374185379827395,5.627729,25817088,
nbody,amber,2026-10-02T14:20:06.681049+10:00,0,5.736254884046502,5.73397,25677824,
nbody,amber,2026-10-02T14:20:12.787211+10:00,0,5.640230326913297,5.637069,25669632,
nbody,amber,2026-10-02T14:20:18.795210+10:00,0,5.668106934987009,5.666015,25735168,
nbody,amber,2026-10-02T14:20:24.829040+10:00,0,5.652270960970782,5.650252,25735168,
nbody,amber,2026-10-02T14:20:30.849202+10:00,0,5.610490091959946,5.606804,25669632,
nbody,amber,2026-10-02T14:20:36.848085+10:00,0,4.971768979099579,4.968172,25735168,
nbody,amber,2026-10-02T14:20:42.228683+10:00,0,5.0266877269605175,5.023675,25673728,
nbody,amber,2026-10-02T14:20:47.657245+10:00,0,5.080363729968667,5.077195,25812992,
nbody,amber,2026-10-02T14:20:53.143542+10:00,0,4.974176223040558,4.971265,25772032,
nbody,amber,2026-10-02T14:20:58.512078+10:00,0,5.055634396034293,5.05345,25812992,
nbody,amber,2026-10-02T14:21:03.983137+10:00,0,5.289101419039071,5.286309,25673728,
nbody,amber,2026-10-02T14:21:09.668186+10:00,0,5.0630645480705425,5.05808,25669632,
nbody,amber,2026-10-02T14:21:15.141682+10:00,0,4.985219585010782,4.982367,25665536,
nbody,amber,2026-10-02T14:21:20.529368+10:00,0,5.071197920013219,5.068849,25677824,
nbody,peachq,2026-10-02T14:21:25.993154+10:00,9,181.0021886510076,180.798422,20606976,walltime
